id,web_name,club,pos,price,own
1,Raya,ARS,GKP,6.0,30.7
2,Arrizabalaga,ARS,GKP,5.0,0.2
3,Meslier,ARS,GKP,5.0,0.1
4,Gabriel,ARS,DEF,8.0,25.9
5,J.Timber,ARS,DEF,6.5,0.5
6,Saliba,ARS,DEF,6.0,0.5
7,Lewis-Skelly,ARS,MID,5.5,0.3
8,Calafiori,ARS,DEF,5.5,15.3
9,Hincapie,ARS,DEF,5.5,4.4
10,White,ARS,DEF,5.5,0.2
11,Mosquera,ARS,DEF,5.5,16.9
12,Saka,ARS,MID,9.5,10.6
13,Rice,ARS,MID,7.5,22.3
14,Eze,ARS,MID,6.5,3.3
15,Ødegaard,ARS,MID,6.5,3.0
16,Madueke,ARS,MID,6.5,0.4
17,Merino,ARS,MID,6.0,1.2
18,Martinelli,ARS,MID,6.5,0.3
19,Zubimendi,ARS,MID,5.5,1.5
20,Dowman,ARS,MID,5.5,0.2
21,Nørgaard,ARS,MID,5.0,0.3
22,Nwaneri,ARS,MID,5.5,0.0
23,Fábio Vieira,ARS,MID,5.5,0.0
24,Nelson,ARS,MID,5.5,0.0
25,Gyökeres,ARS,FWD,7.5,13.0
26,Havertz,ARS,FWD,7.5,4.0
27,G.Jesus,ARS,FWD,6.0,0.4
557,Tzolis,ARS,MID,6.5,1.7
28,Martinez,AVL,GKP,5.0,4.6
29,M.Bizot,AVL,GKP,4.5,0.1
30,Digne,AVL,DEF,4.5,1.4
31,Konsa,AVL,DEF,4.5,17.4
32,Cash,AVL,DEF,4.5,7.8
33,Mings,AVL,DEF,4.5,0.2
34,Pau,AVL,DEF,4.5,0.2
35,Bogarde,AVL,MID,5.0,0.1
36,Maatsen,AVL,DEF,4.5,0.6
37,Lindelöf,AVL,DEF,4.5,0.2
38,A.García,AVL,DEF,4.0,1.5
39,Nedeljkovic,AVL,DEF,4.0,0.4
41,Buendía,AVL,MID,6.0,0.8
42,Guessand,AVL,MID,5.5,0.0
44,Bailey,AVL,MID,5.5,0.1
45,McGinn,AVL,MID,5.5,2.7
46,Barkley,AVL,MID,5.0,0.2
47,Kamara,AVL,MID,5.0,0.1
48,Onana,AVL,MID,5.0,0.0
49,Iling Jr,AVL,MID,5.0,0.0
50,Burrowes,AVL,MID,4.5,0.9
51,George Hemmings,AVL,MID,4.5,0.3
52,Alysson,AVL,MID,5.0,0.0
53,Manzambi,AVL,MID,6.0,2.5
54,Gomes,AVL,MID,5.5,0.3
55,Watkins,AVL,FWD,8.0,12.4
56,Abraham,AVL,FWD,5.5,0.0
160,Garnacho,AVL,MID,6.0,1.1
57,Petrović,BOU,GKP,4.5,3.6
58,Forster,BOU,GKP,4.0,3.1
59,Dennis,BOU,GKP,4.0,0.2
60,Hill,BOU,DEF,5.5,1.3
61,Truffert,BOU,DEF,5.5,4.6
62,Diakité,BOU,DEF,5.0,0.2
63,Milosavljević,BOU,DEF,5.0,0.1
64,Smith,BOU,DEF,4.5,0.1
65,J.Araujo,BOU,DEF,4.5,0.1
66,Soler,BOU,DEF,4.0,0.6
67,Rayan,BOU,MID,6.5,3.4
68,Tavernier,BOU,MID,6.0,1.9
69,Scott,BOU,MID,6.0,1.6
70,Kluivert,BOU,MID,6.0,0.9
71,Cook,BOU,MID,5.0,0.1
72,Gannon-Doak,BOU,MID,5.0,0.1
73,Adams,BOU,MID,5.0,0.7
74,Brooks,BOU,MID,5.0,0.2
75,Christie,BOU,MID,5.0,0.0
76,Tóth.A,BOU,MID,5.0,0.0
77,Adli,BOU,MID,5.0,0.2
78,Kroupi.Jr,BOU,MID,7.5,6.2
79,Evanilson,BOU,FWD,6.0,2.0
80,Enes Ünal,BOU,FWD,5.5,0.2
81,Rodríguez,BOU,FWD,6.0,0.3
566,Silva,BOU,DEF,5.0,0.0
82,Kelleher,BRE,GKP,5.0,5.6
83,Valdimarsson,BRE,GKP,4.5,0.1
84,Collins,BRE,DEF,5.5,2.0
85,Van den Berg,BRE,DEF,5.0,0.7
86,Lewis-Potter,BRE,MID,5.5,0.5
87,Ajer,BRE,DEF,4.5,1.2
88,Kayode,BRE,DEF,4.5,4.1
89,Henry,BRE,DEF,4.5,0.2
90,Hickey,BRE,DEF,4.5,0.1
91,Pinnock,BRE,DEF,4.5,0.1
92,Ji-soo,BRE,DEF,4.5,0.0
93,Schuster,BRE,DEF,4.5,0.1
94,Schade,BRE,MID,6.0,2.3
95,O.Dango,BRE,MID,6.5,1.3
96,Damsgaard,BRE,MID,5.5,0.7
97,Jensen,BRE,MID,5.5,0.1
98,Janelt,BRE,MID,5.0,0.1
99,Milambo,BRE,MID,5.0,0.0
100,Carvalho,BRE,MID,5.0,0.0
101,Henderson,BRE,MID,5.0,0.0
102,Yarmoliuk,BRE,MID,5.0,1.5
103,Dasilva,BRE,MID,5.0,0.0
105,Anthony,BRE,MID,6.0,0.2
106,Thiago,BRE,FWD,8.0,15.8
107,Furo,BRE,FWD,4.5,0.9
108,Wilson,BRE,FWD,5.5,0.4
565,Sangaré,BRE,MID,5.5,0.4
109,Verbruggen,BHA,GKP,4.5,16.7
110,Rushworth,BHA,GKP,4.5,0.6
111,Steele,BHA,GKP,4.0,4.7
113,F.Kadıoğlu,BHA,DEF,4.5,3.0
114,Boscagli,BHA,DEF,4.5,0.1
115,De Cuyper,BHA,DEF,4.5,1.5
116,Dunk,BHA,DEF,4.5,0.7
117,Coppola,BHA,DEF,4.5,0.0
118,Igor,BHA,DEF,4.5,0.1
119,Costinha,BHA,DEF,4.5,0.0
120,Svoboda,BHA,DEF,5.0,0.1
121,Mitoma,BHA,MID,6.0,0.2
122,Minteh,BHA,MID,6.0,0.7
123,Hinshelwood,BHA,MID,6.0,0.3
124,Groß,BHA,MID,5.5,7.2
125,Georginio,BHA,FWD,5.5,0.7
126,O'Riley,BHA,MID,5.5,0.1
127,Gomez,BHA,MID,5.0,1.8
128,Buonanotte,BHA,MID,5.0,0.1
129,Ayari,BHA,MID,5.5,0.5
130,Wieffer,BHA,DEF,5.0,0.3
131,Baleba,BHA,MID,5.0,0.6
132,Howell,BHA,MID,4.5,0.3
133,Watson,BHA,MID,5.0,0.0
134,Oriola,BHA,MID,4.5,0.2
135,Yohanna,BHA,MID,5.0,0.1
137,Tzimas,BHA,FWD,5.5,0.0
138,Kostoulas,BHA,FWD,5.5,0.3
139,Ferguson,BHA,FWD,5.0,0.0
328,Struijk,BHA,DEF,5.0,0.5
504,Vuskovic,BHA,DEF,5.0,3.0
40,Rogers,CHE,MID,7.5,30.7
136,Welbeck,CHE,FWD,6.0,2.8
140,Sánchez,CHE,GKP,5.0,2.0
141,Jörgensen,CHE,GKP,5.0,0.1
142,James,CHE,DEF,5.5,8.0
143,Chalobah,CHE,DEF,5.5,2.0
144,Gusto,CHE,DEF,5.0,1.2
145,Fofana,CHE,DEF,5.0,0.0
146,B.Badiashile,CHE,DEF,4.5,0.0
147,Tosin,CHE,DEF,4.5,0.1
148,Hato,CHE,DEF,4.5,1.2
149,Colwill,CHE,DEF,5.0,1.9
150,M.Sarr,CHE,DEF,4.5,0.1
151,Acheampong,CHE,DEF,4.5,0.2
152,Palestra,CHE,DEF,5.5,1.5
153,Disasi,CHE,DEF,4.5,0.1
154,Palmer,CHE,MID,9.5,12.7
155,Enzo,CHE,MID,7.0,5.4
156,Neto,CHE,MID,6.5,1.3
157,Estêvão,CHE,MID,6.5,1.7
158,Gittens,CHE,MID,6.0,0.1
159,Caicedo,CHE,MID,5.5,3.7
161,Lavia,CHE,MID,5.0,0.0
163,D.Essugo,CHE,MID,4.5,0.2
164,Quenda,CHE,MID,5.5,0.0
165,João Pedro,CHE,FWD,7.5,54.7
166,N.Jackson,CHE,FWD,6.5,0.4
167,Delap,CHE,FWD,5.5,0.5
168,Marc Guiu,CHE,FWD,5.0,0.4
169,Mheuka,CHE,FWD,4.5,0.4
170,Emegha,CHE,FWD,5.0,0.2
200,Lacroix,CHE,DEF,6.0,12.0
560,Penders,CHE,GKP,4.5,0.1
561,Anselmino,CHE,DEF,4.5,0.0
104,Onyeka,COV,MID,5.0,0.2
171,Dovin,COV,GKP,4.0,3.0
172,Wilson,COV,GKP,4.5,0.7
173,Thomas,COV,DEF,4.0,8.7
174,Kitching,COV,DEF,4.0,0.4
175,van Ewijk,COV,DEF,4.0,16.7
176,Dasilva,COV,DEF,4.0,0.4
177,Kesler-Hayden,COV,DEF,4.0,0.1
178,Bidwell,COV,DEF,4.0,0.1
179,Latibeaudiere,COV,DEF,4.0,0.1
180,Woolfenden,COV,DEF,4.0,0.3
181,Brau,COV,DEF,4.0,0.1
182,Amenda,COV,DEF,4.0,0.5
183,Rudoni,COV,MID,5.0,0.3
184,Grimes,COV,MID,5.0,0.2
185,Sakamoto,COV,MID,5.0,0.1
186,Mason-Clark,COV,MID,5.5,0.3
187,Eccles,COV,MID,5.0,0.0
188,Torp,COV,MID,5.5,0.2
189,Shepherd,COV,MID,4.5,0.3
190,Tchaouna,COV,MID,5.5,0.1
191,Borges Rodrigues,COV,MID,4.5,0.2
192,Andrews,COV,MID,4.5,0.7
193,Wright,COV,FWD,5.5,1.8
194,Thomas-Asante,COV,FWD,5.0,0.9
195,Simms,COV,FWD,5.0,0.6
196,Markelo,COV,FWD,5.0,0.1
197,Bassette,COV,FWD,4.5,0.6
198,Henderson,CRY,GKP,5.0,3.1
199,Benitez,CRY,GKP,4.5,0.1
201,Muñoz,CRY,DEF,5.5,11.9
202,Richards,CRY,DEF,5.0,0.8
203,Canvot,CRY,DEF,5.0,0.6
204,Mitchell,CRY,DEF,4.5,7.0
205,Sosa,CRY,DEF,4.5,0.0
206,Chadi Riad,CRY,DEF,4.5,0.1
207,Mingueza,CRY,DEF,4.5,0.1
208,Sarr,CRY,MID,6.5,9.9
209,Johnson,CRY,MID,6.0,0.2
210,Wharton,CRY,MID,5.5,0.2
211,Yeremy,CRY,MID,5.5,0.2
212,Hughes,CRY,MID,4.5,11.1
213,Lerma,CRY,MID,5.0,0.1
214,Kamada,CRY,MID,5.0,0.3
215,Devenny,CRY,MID,5.0,0.0
216,Esse,CRY,MID,5.0,0.1
217,M.França,CRY,MID,5.0,0.0
218,Doucouré,CRY,MID,5.0,0.1
219,J.Rak-Sakyi,CRY,MID,5.0,0.0
220,Cardines,CRY,DEF,4.5,0.0
221,Drakes-Thomas,CRY,MID,4.5,0.1
222,Strand Larsen,CRY,FWD,6.0,0.6
223,Mateta,CRY,FWD,6.5,7.0
224,Nketiah,CRY,FWD,5.5,0.4
225,Uche,CRY,FWD,5.0,0.0
555,Matthews,CRY,GKP,4.0,1.7
226,Pickford,EVE,GKP,5.5,9.0
227,Travers,EVE,GKP,5.0,0.1
228,King,EVE,GKP,4.5,0.1
229,Tarkowski,EVE,DEF,6.0,9.9
230,Branthwaite,EVE,DEF,5.5,1.9
231,Keane,EVE,DEF,5.0,1.5
232,O'Brien,EVE,DEF,5.0,0.5
233,Mykolenko,EVE,DEF,4.5,1.4
234,Patterson,EVE,DEF,4.5,0.0
235,Aznou,EVE,DEF,4.0,0.2
236,Dewsbury-Hall,EVE,MID,6.5,4.0
237,Ndiaye,EVE,MID,6.0,17.0
239,Garner,EVE,MID,6.0,0.8
240,Iroegbunam,EVE,MID,5.0,0.1
241,McNeil,EVE,MID,5.5,0.1
242,George,EVE,MID,5.5,0.1
243,Alcaraz,EVE,MID,5.0,0.1
244,Armstrong,EVE,MID,5.0,0.1
245,Dibling,EVE,MID,5.5,0.1
246,Röhl,EVE,MID,5.0,0.1
247,Hackney,EVE,MID,5.5,0.3
248,Beto,EVE,FWD,5.5,3.3
249,Barry,EVE,FWD,5.5,0.9
250,Leno,FUL,GKP,4.5,3.1
251,Lecomte,FUL,GKP,4.0,1.5
252,McNally,FUL,GKP,4.0,0.3
253,Andersen,FUL,DEF,5.0,0.1
254,Robinson,FUL,DEF,4.5,2.9
255,J.Cuenca,FUL,DEF,4.5,0.0
256,Tete,FUL,DEF,4.5,0.2
257,Bassey,FUL,DEF,4.5,0.5
258,Castagne,FUL,DEF,4.5,0.2
261,Iwobi,FUL,MID,5.5,0.9
262,Smith Rowe,FUL,MID,5.5,0.4
263,Kevin,FUL,MID,5.5,0.1
264,Bobb,FUL,MID,5.5,0.4
265,Berge,FUL,MID,5.0,0.4
266,Cairney,FUL,MID,5.0,0.0
267,Lukić,FUL,MID,5.0,0.1
268,King,FUL,MID,5.5,0.1
269,Sessegnon,FUL,DEF,4.5,0.4
270,Reed,FUL,MID,4.5,1.1
271,Muniz,FUL,FWD,5.5,0.7
272,Kusi-Asare,FUL,FWD,4.5,8.3
273,Phillips,HUL,GKP,4.0,2.1
274,Butland,HUL,GKP,4.5,1.0
275,Cartwright,HUL,GKP,4.0,0.1
276,Lo-Tutala,HUL,GKP,4.0,0.2
277,Egan,HUL,DEF,4.0,0.8
278,Hughes,HUL,DEF,4.0,1.5
279,Ajayi,HUL,DEF,4.0,0.6
280,Coyle,HUL,DEF,4.0,0.3
281,Drameh,HUL,DEF,4.0,0.1
282,Giles,HUL,DEF,4.0,0.6
283,Jacob,HUL,DEF,4.0,0.1
284,McCarthy,HUL,DEF,4.0,0.1
285,McNair,HUL,DEF,4.0,0.1
286,Belloumi,HUL,MID,5.0,0.6
287,Millar,HUL,MID,5.0,0.1
288,Dowell,HUL,MID,4.5,0.5
289,Crooks,HUL,MID,4.5,0.6
290,Slater,HUL,MID,4.5,1.8
291,Matazo,HUL,MID,4.5,0.0
292,Ömür,HUL,MID,5.0,0.0
293,Kamara,HUL,MID,5.0,0.1
294,Zambrano,HUL,MID,4.5,0.6
295,McBurnie,HUL,FWD,5.5,1.9
296,Akintola,HUL,MID,5.0,0.0
297,Gyabi,HUL,MID,4.5,0.2
298,Destan,HUL,FWD,4.5,2.6
299,Burstow,HUL,FWD,4.5,1.0
556,Targett,HUL,DEF,4.0,2.4
563,Morita,HUL,MID,5.0,0.1
259,Diop,IPS,DEF,4.0,20.0
300,Walton,IPS,GKP,4.5,0.6
301,Palmer,IPS,GKP,4.0,5.8
302,Button,IPS,GKP,4.0,0.6
303,Kipré,IPS,DEF,4.0,0.3
304,O'Shea,IPS,DEF,4.0,1.3
305,Davis,IPS,DEF,4.0,3.5
306,Greaves,IPS,DEF,4.0,0.5
307,Johnson,IPS,DEF,4.0,0.1
308,Furlong,IPS,DEF,4.0,0.3
309,Núñez,IPS,MID,5.0,0.2
310,Matusiwa,IPS,MID,5.0,0.1
311,Burns,IPS,MID,5.0,0.1
312,Taylor,IPS,MID,4.5,0.3
313,Clarke,IPS,MID,5.5,0.3
314,Ogbene,IPS,MID,5.0,0.0
315,Fatawu,IPS,MID,5.5,0.3
316,Emersonn,IPS,FWD,5.5,0.3
317,Hirst,IPS,FWD,5.0,0.5
318,Philogene,IPS,MID,5.5,0.2
319,Szmodics,IPS,MID,5.0,0.1
320,Akpom,IPS,FWD,5.0,0.5
321,Walle Egeli,IPS,FWD,4.5,2.3
322,Al-Hamadi,IPS,FWD,5.0,0.2
323,McAteer,IPS,MID,4.5,1.7
324,Mehmeti,IPS,MID,5.0,0.1
554,Van Oevelen,IPS,GKP,4.5,0.1
562,Maeda,IPS,MID,5.5,0.4
564,Scherpen,IPS,GKP,4.5,0.2
260,Wilson,LEE,MID,6.5,8.6
326,Perri,LEE,GKP,4.5,0.7
327,Bijol,LEE,DEF,5.0,0.3
329,Rodon,LEE,DEF,4.5,1.8
330,Bogle,LEE,DEF,4.5,0.4
331,Gudmundsson,LEE,DEF,4.5,0.5
332,Justin,LEE,DEF,4.5,0.5
333,Bornauw,LEE,DEF,4.5,0.0
334,Muharemović,LEE,DEF,5.0,1.3
335,Stach,LEE,MID,6.0,1.4
336,Okafor,LEE,MID,6.0,0.7
337,Aaronson,LEE,MID,5.5,0.7
338,Ampadu,LEE,MID,5.5,1.4
339,Longstaff,LEE,MID,5.0,0.2
340,Gelhardt,LEE,MID,5.0,0.0
341,Gnonto,LEE,MID,5.0,0.1
342,Harrison,LEE,MID,5.0,0.0
343,James,LEE,MID,5.0,0.1
344,Gruev,LEE,MID,5.0,0.0
345,Tanaka,LEE,MID,5.0,0.3
346,Calvert-Lewin,LEE,FWD,6.0,21.3
347,Nmecha,LEE,FWD,5.5,0.6
348,Piroe,LEE,FWD,5.0,0.5
349,Mateo Joseph,LEE,FWD,4.5,0.3
350,A.Becker,LIV,GKP,5.5,4.1
351,Mamardashvili,LIV,GKP,5.0,0.2
352,Woodman,LIV,GKP,4.0,1.3
353,Pecsi,LIV,GKP,4.0,0.1
354,Jaros,LIV,GKP,4.0,0.0
355,Davies,LIV,GKP,4.0,0.1
356,Virgil,LIV,DEF,6.5,16.2
357,Frimpong,LIV,DEF,5.5,3.0
358,Kerkez,LIV,DEF,5.5,5.9
359,Gomez,LIV,DEF,5.0,0.1
360,Bradley,LIV,DEF,5.0,0.0
361,Lucky,LIV,DEF,4.0,0.1
362,Jacquet,LIV,DEF,5.0,2.0
363,Leoni,LIV,DEF,4.0,0.1
364,Tsimikas,LIV,DEF,5.0,0.1
365,Ramsay,LIV,DEF,4.0,0.2
366,Wirtz,LIV,MID,7.5,11.8
367,Gakpo,LIV,MID,7.0,3.5
368,Szoboszlai,LIV,MID,7.0,47.6
369,Ngumoha,LIV,MID,6.0,1.7
370,Chiesa,LIV,MID,5.5,0.2
371,Gravenberch,LIV,MID,6.0,1.9
372,Mac Allister,LIV,MID,5.5,1.9
373,C.Jones,LIV,MID,5.5,0.1
374,Endo,LIV,MID,5.0,0.0
375,Nyoni,LIV,MID,5.0,0.1
376,Bajcetic,LIV,MID,5.0,0.0
377,Munoz,LIV,MID,6.5,0.8
378,McConnell,LIV,MID,4.5,0.2
379,Isak,LIV,FWD,9.0,11.3
380,Ekitiké,LIV,FWD,7.5,0.2
381,Koumas,LIV,MID,5.0,0.0
382,Danns,LIV,FWD,4.5,0.1
383,Elliott,LIV,MID,5.5,0.1
238,Grealish,MCI,MID,6.5,0.2
384,Donnarumma,MCI,GKP,5.5,11.1
385,Trafford,MCI,GKP,5.0,1.4
386,Bettinelli,MCI,GKP,4.5,0.0
387,O'Reilly,MCI,DEF,6.5,22.9
388,Guéhi,MCI,DEF,6.0,24.0
389,Matheus N.,MCI,DEF,6.0,5.0
390,Rúben,MCI,DEF,5.5,1.4
391,Gvardiol,MCI,DEF,5.5,10.7
392,Aït-Nouri,MCI,DEF,5.5,0.9
393,Khusanov,MCI,DEF,5.5,2.0
394,Alleyne,MCI,DEF,5.0,0.0
395,Lewis,MCI,DEF,4.5,0.2
396,Vitor Reis,MCI,DEF,4.5,0.0
397,Semenyo,MCI,MID,8.5,22.0
398,Foden,MCI,MID,7.0,7.6
399,Cherki,MCI,MID,7.5,9.4
400,Doku,MCI,MID,7.5,6.4
401,Marmoush,MCI,FWD,7.0,0.7
402,Rodrigo,MCI,MID,6.5,0.1
403,Savinho,MCI,MID,6.5,0.1
404,Reijnders,MCI,MID,6.0,0.4
405,N.Gonzalez,MCI,MID,5.5,0.1
406,Kovačić,MCI,MID,5.5,0.0
407,Echeverri,MCI,MID,5.0,0.0
408,Phillips,MCI,MID,5.0,0.0
409,Mukasa,MCI,MID,4.5,0.1
410,Monga,MCI,MID,5.0,0.0
411,Haaland,MCI,FWD,15.5,75.0
481,Anderson,MCI,MID,6.5,11.8
43,Tielemans,MUN,MID,6.0,0.9
162,Andrey Santos,MUN,MID,5.0,1.5
325,Darlow,MUN,GKP,4.5,0.1
412,Lammens,MUN,GKP,5.0,20.2
413,Bayindir,MUN,GKP,4.5,0.2
414,Heaton,MUN,GKP,4.0,0.3
415,Dorgu,MUN,MID,6.0,1.8
416,De Ligt,MUN,DEF,5.0,0.0
417,Dalot,MUN,DEF,5.0,3.1
418,Maguire,MUN,DEF,5.0,7.8
419,Martinez,MUN,DEF,5.0,0.7
420,Yoro,MUN,DEF,5.0,0.6
421,Heaven,MUN,DEF,4.5,0.4
422,Mazraoui,MUN,DEF,4.5,0.7
423,Shaw,MUN,DEF,4.5,24.6
424,Amass,MUN,DEF,4.0,0.2
425,Fredricson,MUN,DEF,4.0,0.1
426,B.Fernandes,MUN,MID,12.0,48.6
427,Mbeumo,MUN,MID,8.0,16.7
428,Cunha,MUN,MID,8.0,14.5
429,Rashford,MUN,MID,7.0,1.5
430,Mount,MUN,MID,5.5,0.1
431,Amad,MUN,MID,6.0,1.5
432,Mainoo,MUN,MID,5.5,1.3
433,Ugarte,MUN,MID,5.0,0.0
434,J.Fletcher,MUN,MID,5.0,0.0
435,Lacey,MUN,MID,5.0,0.1
436,Collyer,MUN,MID,5.0,0.0
437,Bendito Mantato,MUN,MID,4.5,0.2
438,Fletcher,MUN,MID,4.5,0.3
439,Šeško,MUN,FWD,7.0,2.8
440,Zirkzee,MUN,FWD,5.5,0.7
441,Obi,MUN,FWD,4.5,1.2
442,Pope,NEW,GKP,5.0,1.1
443,Gillespie,NEW,GKP,4.5,0.1
444,Jaouen,NEW,GKP,4.5,0.1
445,Thiaw,NEW,DEF,5.0,2.1
446,Schär,NEW,DEF,5.0,0.2
447,Botman,NEW,DEF,5.0,0.4
448,Burn,NEW,DEF,5.0,2.7
449,Hall,NEW,DEF,5.0,4.2
450,Livramento,NEW,DEF,5.0,0.1
451,A.Murphy,NEW,DEF,4.0,0.8
452,Bruno G.,NEW,MID,7.0,8.3
453,Barnes,NEW,MID,6.0,1.2
454,Elanga,NEW,MID,6.0,0.7
456,J.Ramsey,NEW,MID,5.0,0.5
457,J.Murphy,NEW,MID,6.0,0.2
458,Joelinton,NEW,MID,5.5,0.0
459,L.Miley,NEW,MID,5.5,0.0
460,Willock,NEW,MID,5.0,0.1
461,Touré,NEW,MID,6.0,0.2
462,Steur,NEW,MID,5.0,0.1
463,Woltemade,NEW,FWD,6.0,1.7
464,Wissa,NEW,FWD,6.0,1.4
465,Osula,NEW,FWD,6.0,1.8
466,Neave,NEW,FWD,4.5,0.7
559,Bamba,NEW,MID,5.0,0.1
567,Horníček,NEW,GKP,5.0,0.0
467,Sels,NFO,GKP,5.0,1.4
468,John,NFO,GKP,4.5,0.1
469,N.Williams,NFO,DEF,5.0,13.2
470,Morato,NFO,DEF,5.0,0.1
471,Milenković,NFO,DEF,5.5,2.2
472,Murillo,NFO,DEF,5.5,0.2
473,Aina,NFO,DEF,4.5,4.8
474,Jair Cunha,NFO,DEF,4.5,0.5
475,Savona,NFO,DEF,4.5,0.0
476,O.Richards,NFO,DEF,4.0,0.2
477,Abbott,NFO,DEF,4.0,0.2
478,Netz,NFO,DEF,4.5,0.0
479,Bindon,NFO,DEF,4.0,0.2
480,Gibbs-White,NFO,MID,8.0,11.8
482,Hudson-Odoi,NFO,MID,6.0,0.0
483,Ndoye,NFO,MID,5.5,0.6
484,Hutchinson,NFO,MID,5.5,0.1
485,Bakwa,NFO,MID,5.5,0.0
486,McAtee,NFO,MID,5.5,0.1
487,Dominguez,NFO,MID,5.0,0.1
488,Sangaré,NFO,MID,5.0,0.5
489,Yates,NFO,MID,4.5,7.4
490,Wood,NFO,FWD,6.0,1.8
491,Igor Jesus,NFO,FWD,6.0,4.9
492,Awoniyi,NFO,FWD,5.5,0.4
493,Kalimuendo,NFO,FWD,5.5,0.1
558,Schlager,NFO,MID,5.0,0.1
112,Van Hecke,TOT,DEF,5.0,8.2
455,Tonali,TOT,MID,5.5,3.9
494,Vicario,TOT,GKP,4.5,1.5
495,Austin,TOT,GKP,4.0,0.6
496,Kinsky,TOT,GKP,4.5,18.7
497,Dubravka,TOT,GKP,4.0,24.6
498,Senesi,TOT,DEF,6.0,10.9
499,Pedro Porro,TOT,DEF,5.5,23.9
500,Romero,TOT,DEF,5.0,1.1
501,Danso,TOT,DEF,5.0,0.2
502,Robertson,TOT,DEF,4.5,1.8
503,Van de Ven,TOT,DEF,5.0,6.4
505,Spence,TOT,DEF,4.5,9.6
506,Udogie,TOT,DEF,4.5,0.4
507,Phillips,TOT,DEF,4.5,0.1
508,Davies,TOT,DEF,4.0,0.8
509,Byfield,TOT,DEF,4.0,0.1
510,Rowswell,TOT,DEF,4.0,0.1
511,Souza,TOT,DEF,4.0,0.3
512,Kudus,TOT,MID,6.5,0.2
513,Xavi,TOT,MID,6.0,0.0
514,Tel,TOT,MID,6.0,0.4
515,Maddison,TOT,MID,6.5,2.1
516,Bentancur,TOT,MID,5.5,0.1
517,Odobert,TOT,MID,5.5,0.0
518,P.M.Sarr,TOT,MID,5.0,0.4
519,Gallagher,TOT,MID,5.5,0.2
520,Bergvall,TOT,MID,5.5,0.2
521,Kulusevski,TOT,MID,6.5,0.0
522,Gray,TOT,MID,5.0,0.2
523,Moore,TOT,MID,5.0,0.1
524,Olusesi,TOT,MID,4.5,0.9
525,Fernandes,TOT,MID,6.0,3.7
526,Solanke,TOT,FWD,6.0,2.6
527,Richarlison,TOT,FWD,6.0,1.9
528,Scarlett,TOT,FWD,4.5,1.7
529,Roefs,SUN,GKP,5.0,5.3
530,Patterson,SUN,GKP,4.0,1.1
531,Ellborg,SUN,GKP,4.5,0.1
532,Ballard,SUN,DEF,5.0,3.4
533,Mukiele,SUN,DEF,5.5,7.7
534,Hume,SUN,DEF,4.5,2.0
535,Alderete,SUN,DEF,5.0,1.2
536,Reinildo,SUN,DEF,4.5,0.5
537,Seelt,SUN,DEF,4.5,0.0
538,Hjelde,SUN,DEF,4.0,0.3
539,O'Nien,SUN,DEF,4.0,2.3
540,Masuaku,SUN,DEF,4.0,1.4
541,Meunier,SUN,DEF,4.5,0.5
542,E.Le Fée,SUN,MID,6.0,12.3
543,Diarra,SUN,MID,5.5,0.1
544,Xhaka,SUN,MID,5.5,6.0
545,Sadiki,SUN,MID,5.0,0.4
546,Adingra,SUN,MID,5.0,0.3
547,Mundle,SUN,MID,5.0,0.0
548,Rigg,SUN,MID,5.0,0.1
549,Talbi,SUN,MID,5.5,0.2
550,Jocelin.T,SUN,MID,5.0,0.0
551,Angulo,SUN,MID,5.0,0.1
552,Brobbey,SUN,FWD,6.0,20.8
553,Isidor,SUN,FWD,5.5,1.2
